1, Algeria, Algiers
5, Argentina, Buenos Aires
1, Argentina, Córdoba
1, Argentina, La Plata
4, Argentina, Mendoza
1, Argentina, Pergamino
1, Argentina, Salta
2, Armenia, Gyumri
6, Armenia, Yerevan
54, Australia, ACT, Canberra
1, Australia, NSW, Birmingham Gardens
8, Australia, NSW, Callaghan
1, Australia, NSW, Kensington
1, Australia, NSW, Lismore
1, Australia, NSW, Mayfield West
3, Australia, NSW, Penrith
5, Australia, NSW, Richmond
43, Australia, NSW, Sydney
1, Australia, NSW, Ultimo
5, Australia, NSW, Wollongong
1, Australia, NT, Darwin
1, Australia, North Ryde
6, Australia, QLD, Brisbane
1, Australia, QLD, Nathan
10, Australia, QLD, St Lucia
8, Australia, SA, Adelaide
1, Australia, SA, Bedford Park
16, Australia, TAS, Hobart
1, Australia, TAS, Kingston
1, Australia, TAS, Sandy Bay
2, Australia, VIC, Aspendale
1, Australia, VIC, Carlton
2, Australia, VIC, Clayton
2, Australia, VIC, Hawthorn
41, Australia, VIC, Melbourne
27, Australia, VIC, Parkville
2, Australia, WA, Crawley
17, Australia, WA, Perth
1, Australia, WA, West Perth
14, Austria, Graz
6, Austria, Innsbruck
8, Austria, Laxenburg
3, Austria, Salzburg
1, Austria, Tirol
16, Austria, Vienna
1, Bangladesh, Chattogram
1, Bangladesh, Chittagong
10, Bangladesh, Dhaka
1, Barbados, Bridgetown
1, Belarus, Minsk
1, Belgium, Antwerp
27, Belgium, Brussels
1, Belgium, Geel
9, Belgium, Gent
1, Belgium, Heverlee
1, Belgium, Ixelles
10, Belgium, Leuven
15, Belgium, Liege
6, Belgium, Louvain-la-Neuve
1, Belgium, Mol
1, Belgium, Ukkel
1, Benin, Abomey-Calavi
1, Benin, Cotonou
1, Bermuda, St.George's
1, Brazil, Amazonas
6, Brazil, Asa Norte
2, Brazil, Bauru
1, Brazil, Belem
1, Brazil, Belo Horizonte
7, Brazil, Brasilia
1, Brazil, Cacapava Do Sul
1, Brazil, Cachoeira Paulista
6, Brazil, Campinas
1, Brazil, Campo Grande MS
1, Brazil, Centro
5, Brazil, Curitiba
1, Brazil, Florianópolis
1, Brazil, Fortaleza
1, Brazil, João Pessoa
1, Brazil, Viçosa
1, Brazil, Manaus
1, Brazil, Minas Gerais
3, Brazil, Natal
9, Brazil, Niteroi
4, Brazil, Ouro Preto
1, Brazil, Paulinia
3, Brazil, Piracicaba
8, Brazil, Porto Alegre
2, Brazil, Presidente Prudente
2, Brazil, RN, Natal
1, Brazil, RS, Santa Maria
13, Brazil, Rio De Janeiro
1, Brazil, SP, Sorocaba
2, Brazil, Santa Maria
1, Brazil, Santarem
1, Brazil, Santos
29, Brazil, Sao Jose dos Campos
2, Brazil, Sao Leopoldo
15, Brazil, Sao Paulo
1, Brazil, São Carlos
8, Brazil, São Leopoldo
23, Brazil, São Paulo
3, Brazil, Vicosa
1, Brazil, Vitoria
1, Burkina Faso, Ouagadougou
1, Canada, AB, Athabasca
61, Canada, AB, Calgary
59, Canada, AB, Edmonton
12, Canada, AB, Lethbridge
2, Canada, Antigonish
1, Canada, BC, British Columbia
14, Canada, BC, Burnaby
1, Canada, BC, Kamloops
4, Canada, BC, Kelowna
4, Canada, BC, Prince George
1, Canada, BC, Revelstoke
6, Canada, BC, Sidney
72, Canada, BC, Vancouver
44, Canada, BC, Victoria
1, Canada, Burlington
1, Canada, Canmore
1, Canada, MB, Brandon
9, Canada, MB, Winnipeg
10, Canada, NB, Fredericton
1, Canada, NL, Corner Brook
5, Canada, NL, St John's
2, Canada, NS, Antigonish
1, Canada, NS, Dartmouth
21, Canada, NS, Halifax
2, Canada, NT, Yellowknife
4, Canada, ON, Edmonton
16, Canada, ON, Guelph
11, Canada, ON, Hamilton
1, Canada, ON, Harriston
6, Canada, ON, Kanata
13, Canada, ON, Kingston
15, Canada, ON, London
1, Canada, ON, Markham
6, Canada, ON, Mississauga
1, Canada, ON, North Bay
1, Canada, ON, North York
35, Canada, ON, Ottawa
2, Canada, ON, Peterborough
1, Canada, ON, Sault Ste Marie
1, Canada, ON, St Catharines
2, Canada, ON, Sudbury
2, Canada, ON, Thornhill
89, Canada, ON, Toronto
49, Canada, ON, Waterloo
8, Canada, ON, Windsor
1, Canada, QC, Chicoutimi
2, Canada, QC, Dorval
62, Canada, QC, Montreal
14, Canada, QC, Quebec City
3, Canada, QC, Rimouski
1, Canada, QC, Rouyn-Noranda
1, Canada, QC, Saint-Hubert
4, Canada, QC, Sherbrooke
11, Canada, SK, Regina
34, Canada, SK, Saskatoon
1, Canada, YT, Whitehorse
6, Chile, Concepcion
1, Chile, Copiapó
1, Chile, Metropolitana
3, Chile, Punta Arenas
53, Chile, Santiago
1, Chile, Temuco
2, Chile, Valdivia
2, Chile, Valparaiso
1, China, AL, Shenzhen
4, China, Anhui
1, China, Anshan
950, China, Beijing
14, China, Changchun
10, China, Changsha
2, China, Chao Yang District
34, China, Chengdu
7, China, Dalian
1, China, Fujian
3, China, Gansu
16, China, Guangdong
107, China, Guangzhou
2, China, Guilin
6, China, Guiyang
1, China, Haikou
2, China, Hainan
2, China, Handan
58, China, Hangzhou
2, China, Harbin
91, China, Hefei
1, China, Henan Province
4, China, Hohhot
6, China, Hong Kong
17, China, Hubei
1, China, Hunan
16, China, Jiangsu
1, China, Jiangxi
1, China, Jilin
6, China, Jinan
2, China, Kaifeng
11, China, Kunming
8, China, Langfang
79, China, Lanzhou
1, China, Lingang
1, China, Linyi
7, China, Nanchang
232, China, Nanjing
4, China, Nanning
2, China, Nantong
58, China, Qingdao
7, China, Sanya
1, China, Shaanxi
1, China, Shaanxi Province
4, China, Shandong
96, China, Shanghai
1, China, Shen Zhen
6, China, Shenyang
50, China, Shenzhen
2, China, Shijiazhuang
4, China, Sichuan
1, China, Taipa
1, China, Taiyuan
3, China, Tianhe
15, China, Tianjin
14, China, Urumqi
10, China, Weihai
181, China, Wuhan
50, China, Xi'an
5, China, Xiamen
2, China, Xiangtan
10, China, Xining
3, China, Xinjiang
1, China, Xishuangbanna
1, China, Xuzhou
8, China, Yangling
1, China, Yangzhou
2, China, Yunnan
3, China, Zhanjiang
6, China, Zhengzhou
5, China, Zhuhai
23, Colombia, Bogota
12, Colombia, Medellin
1, Colombia, Palmira
1, Colombia, Puerto Colombia
1, Colombia, Villavicencio
5, Costa Rica, Heredia
5, Costa Rica, San Jose
2, Cyprus, Nicosia
2, Czech Republic, Brno
30, Czech Republic, Prague
1, Czech Republic, Pruhonice
2, Côte D'ivoire, Abidjan
1, Côte D'ivoire, Yamoussoukro
1, Denmark, Aalborg
16, Denmark, Aarhus
35, Denmark, Copenhagen
1, Denmark, Herlev
1, Denmark, Hillerød
25, Denmark, Lyngby
1, Ecuador, Cuenca
1, Ecuador, Loja
9, Ecuador, Quito
1, Egypt, Assiut
1, Egypt, Cairo
1, Egypt, Helwan
5, Estonia, Tartu
1, Ethiopia, Addis Ababa
1, Ethiopia, Bahir Dar
1, Ethiopia, Jimma
2, Ethiopia, Mekelle
1, Fiji, Suva
2, Finland, Aalto
4, Finland, Espoo
3, Finland, Eurajoki
28, Finland, Helsinki
1, Finland, Joensuu
1, Finland, Masala
5, Finland, Oulu
1, Finland, Rovaniemi
1, Finland, Sodankylä
4, Finland, Turku
9, France, Aix-en-Provence
1, France, Antony
8, France, Arpajon
3, France, Aubiere
1, France, Auvergne-Rhône-Alpes
1, France, Baie Mahault
1, France, Beaumont
1, France, Besançon
2, France, Bordeaux
1, France, Bouguenais
4, France, Brest
1, France, Cachan
2, France, Caen
1, France, Castanet Tolosan
2, France, Champs-sur-Marne
1, France, Chateaubourg
1, France, Chatenay-Malabry
1, France, Chatou
1, France, Cherbourg-en-Cotentin
10, France, Clermont-Ferrand
2, France, Créteil
1, France, Douai
1, France, Dunkerque
1, France, Marne-la-Vallée
12, France, Gif-Sur-Yvette
30, France, Grenoble
6, France, Guyancourt
1, France, La Ciotat
3, France, La Rochelle
2, France, Le Grand Quevilly
7, France, Lille
1, France, Limoges
17, France, Lyon
11, France, Montpellier
2, France, Marne-la-Vallée
4, France, Marseille
1, France, Massy
9, France, Meudon
1, France, Mont-Saint-Aignan
3, France, Nancy
6, France, Nantes
4, France, Nice
1, France, Nouvelle-Aquitaine
37, France, Orléans
4, France, Orsay
2, France, Palaiseau
173, France, Paris
7, France, Pau
1, France, Perpignan
2, France, Pessac
14, France, Plouzané
1, France, Pointe à Pitre
2, France, Ramonville-Saint-Agne
12, France, Rennes
2, France, Rouen
2, France, Rueil-Malmaison
15, France, Saint Martin d'Hères
2, France, Saint-Denis
3, France, Saint-Germain-En-Laye
2, France, Saint-Maur Des Fossés
1, France, Saint-Égrève
2, France, Sophia-Antipolis
17, France, Strasbourg
5, France, Talence
59, France, Toulouse
17, France, Valbonne
2, France, Vandoeuvre-les-Nancy
2, France, Verneuil-en-Halatte
1, France, Versailles
1, France, Villenave-d'Ornon
6, France, Villeneuve d'Ascq
13, France, Villeurbanne
1, French Polynesia, Faa'a
7, Georgia, Tbilisi
1, Germany, Gehrden
6, Germany, Aachen
1, Germany, Augsburg
1, Germany, Bad Koetzting
12, Germany, Bayreuth
22, Germany, Berlin
13, Germany, Bochum
10, Germany, Bonn
5, Germany, Braunschweig
25, Germany, Bremen
13, Germany, Bremerhaven
6, Germany, Cologne
3, Germany, Darmstadt
6, Germany, Dresden
4, Germany, Erlangen
1, Germany, Flintbek
11, Germany, Frankfurt
4, Germany, Freiberg
4, Germany, Freiburg
4, Germany, Garmisch-Partenkirchen
4, Germany, Geesthacht
2, Germany, Goettingen
9, Germany, Göttingen
4, Germany, Halle
24, Germany, Hamburg
16, Germany, Hannover
2, Germany, Heidelberg
1, Germany, Hessen
30, Germany, Jena
25, Germany, Jülich
21, Germany, Karlsruhe
1, Germany, Kassel
2, Germany, Katlenburg-Lindau
46, Germany, Kiel
1, Germany, Koblenz
3, Germany, Kühlungsborn
20, Germany, Leipzig
2, Germany, Lindenberg
1, Germany, Magdeburg
29, Germany, Mainz
1, Germany, Marburg
45, Germany, Munich
1, Germany, Mülheim/Ruhr
1, Germany, Müncheberg
5, Germany, Münster
1, Germany, Neubiberg
24, Germany, Oberpfaffenhofen
4, Germany, Offenbach am Main
92, Germany, Potsdam
1, Germany, Rostock
2, Germany, Siegen
1, Germany, Starnberg
11, Germany, Stuttgart
7, Germany, Tübingen
2, Germany, Wessling
1, Germany, Würzburg
2, Ghana, Accra
10, Greece, Athens
1, Greece, Heraklion
2, Greece, Patras
2, Greece, Thessaloniki
1, Greece, Xanthi
1, Greenland, Nuuk
1, Guadeloupe, Gourbeyre
2, Guadeloupe, Pointe à Pitre
2, Haiti, Port-au-Prince
76, Hong Kong, Hong Kong
2, Hungary, Budapest
1, Hungary, Eger
1, Hungary, Sopron
20, Iceland, Reykjavik
2, India, Agra
5, India, Ahmedabad
1, India, Aizawl
21, India, Bangalore
2, India, Bengaluru
3, India, Bhopal
2, India, Bhubaneswar
1, India, Bihta
3, India, Chandigarh
4, India, Chennai
1, India, Cochin
1, India, Cuttack
5, India, Dehradun
10, India, Dhanbad
1, India, Dibrugarh
1, India, Gadanki
4, India, Gandhinagar
2, India, Goa
9, India, Guwahati
1, India, Haryana
18, India, Hyderabad
1, India, Jaipur
1, India, Jatni
2, India, Jodhpur
2, India, Jorhat
12, India, Kanpur
6, India, Karnataka
1, India, Kerala
25, India, Kharagpur
1, India, Khordha
1, India, Khurda
14, India, Kolkata
1, India, Kollam
1, India, Kurukshetra
3, India, Mandi
1, India, Mangalore
1, India, Manipal
22, India, Mumbai
1, India, Nagpur
5, India, Navi Mumbai
61, India, New Delhi
1, India, New Panvel
1, India, Noida
1, India, Odisha
1, India, Panjim
1, India, Patiala
17, India, Pune
1, India, Rajgir
1, India, Ranchi
1, India, Rewari
42, India, Roorkee
3, India, Rourkela
1, India, Shillong
1, India, Sonipat
3, India, Srinagar Garhwal
1, India, Telangana
4, India, Thiruvananthapuram
3, India, Tirupati
3, India, Trivandrum
2, India, Umiam
1, India, Uttarakhand
3, India, Varanasi
2, India, Vastrapur
1, India, Visakhapatnam
6, Indonesia, Bandung
3, Indonesia, Jakarta
1, Indonesia, Yogyakarta
2, Iran, Tehran
2, Ireland, Cork
26, Ireland, Dublin
1, Israel, Arad
1, Israel, Ariel
8, Israel, Beer Sheva
2, Israel, Bet-Dagan
7, Israel, Haifa
1, Israel, Herzliya
23, Israel, Jerusalem
2, Israel, Midreshet Ben-Gurion
1, Israel, Ramat-Gan
9, Israel, Rehovot
1, Israel, Sede Boker
1, Israel, Sitriya
4, Israel, Tel Aviv
1, Italy, Ancona
1, Italy, Appiano Sulla Strada Del Vino
1, Italy, Arsita
2, Italy, Aversa
1, Italy, Bari
18, Italy, Bologna
2, Italy, Bolzano
5, Italy, Cagliari
2, Italy, Calabria
4, Italy, Catania
1, Italy, Como
1, Italy, Firenze
6, Italy, Florence
1, Italy, Forlì
3, Italy, Frascati
1, Italy, Genoa
5, Italy, Ispra
2, Italy, L'Aquila
1, Italy, La Spezia
1, Italy, Latium
1, Italy, Liguria
3, Italy, Messina
13, Italy, Milan
2, Italy, Modena
15, Italy, Naples
17, Italy, Padova
2, Italy, Padua
19, Italy, Palermo
6, Italy, Pavia
5, Italy, Perugia
1, Italy, Pescara
6, Italy, Pisa
1, Italy, Politecnico di Bari
9, Italy, Potenza
1, Italy, Rende
1, Italy, Rimini
100, Italy, Rome
4, Italy, Sassari
1, Italy, Tito Scalo
4, Italy, Torino
1, Italy, Trentino-Alto Adige
3, Italy, Trento
3, Italy, Trieste
4, Italy, Turin
1, Italy, Urbino
1, Italy, Venice
3, Italy, Viterbo
1, Jamaica, Kingston
3, Japan, Abiko
3, Japan, Aichi
1, Japan, Aizu-Wakamatsu
3, Japan, Akita
5, Japan, Aomori
47, Japan, Bunkyo-ku
24, Japan, Chiba
1, Japan, Chiyoda-ku
2, Japan, Chofu
1, Japan, Fuchu
21, Japan, Fukuoka
3, Japan, Fukushima
4, Japan, Gifu
1, Japan, Gokasho Uji
2, Japan, Hachioji
5, Japan, Higashi-Hiroshima
1, Japan, Hirosaki
4, Japan, Hiroshima
1, Japan, Hitachinaka
40, Japan, Ibaraki
1, Japan, Imizu
1, Japan, Izuka
2, Japan, Kagawa
1, Japan, Kagoshima
62, Japan, Kanagawa
10, Japan, Kanazawa
10, Japan, Kashiwa
1, Japan, Kasuga
1, Japan, Kasugai
3, Japan, Kawasaki
1, Japan, Kazo
3, Japan, Kitakyushu
15, Japan, Kobe
8, Japan, Kochi
2, Japan, Kokubunji
6, Japan, Kumamoto
1, Japan, Kunitachi
5, Japan, Kusatsu
74, Japan, Kyoto
2, Japan, Matsue
5, Japan, Matsumoto
5, Japan, Matsuyama
5, Japan, Meguro
1, Japan, Mie-Ken
2, Japan, Mito
1, Japan, Miyagi
1, Japan, Morioka
1, Japan, Nagano
1, Japan, Nagaoka
1, Japan, Nagareyama
1, Japan, Nagasaki
44, Japan, Nagoya
3, Japan, Nankoku
1, Japan, Nara
1, Japan, Neyagawa
6, Japan, Niigata
1, Japan, Nomi
1, Japan, Okayama
4, Japan, Okinawa
1, Japan, Onagawa
5, Japan, Osaka
14, Japan, Sagamihara
3, Japan, Saitama
1, Japan, Sakai
36, Japan, Sapporo
47, Japan, Sendai
6, Japan, Shizuoka
1, Japan, Tachikawa
2, Japan, Takamatsu
1, Japan, Tobata
1, Japan, Tokai
2, Japan, Tokai-Mura
2, Japan, Tokai-mura
216, Japan, Tokyo
5, Japan, Tottori
4, Japan, Toyama
8, Japan, Tsu
91, Japan, Tsukuba
1, Japan, Uji
1, Japan, Wako
6, Japan, Yamaguchi
1, Japan, Yatsushiro
10, Japan, Yokohama
5, Japan, Yokosuka
1, Japan, Yurihonjo city
1, Kazakhstan, Astana
8, Kenya, Nairobi
1, Kuwait, Kuwait City
1, Latvia, Riga
1, Lebanon, Beirut
2, Luxembourg, Belvaux
1, Luxembourg, Esch-sur-Alzette
2, Luxembourg, Luxembourg
2, Macao, Macao
2, Malta, Msida
1, Mexico, Chihuahua
12, Mexico, Ciudad DE Armería
1, Mexico, Colima
1, Mexico, Coyoacan
1, Mexico, Cuernavaca
12, Mexico, Ensenada
4, Mexico, Guadalajara
1, Mexico, Jalapa
1, Mexico, Jiutepec
2, Mexico, La Paz
28, Mexico, Mexico City
1, Mexico, Monterrey
2, Mexico, Morelia
1, Mexico, Nuevo Morelos
1, Mexico, Obregón
1, Mexico, Puerto Angel
6, Mexico, Querétaro
1, Mexico, Recursos Naturales
1, Mexico, Texcoco
1, Mongolia, Ulaanbaatar
1, Morocco, Ben Guerir
1, Morocco, Beni Mellal
3, Morocco, Casablanca
1, Morocco, Fés
2, Morocco, Rabat
5, Nepal, Dhulikhel
30, Nepal, Kathmandu
4, Nepal, Lalitpur
17, Netherlands, Amsterdam
1, Netherlands, Bilthoven
5, Netherlands, De Bilt
26, Netherlands, Delft
3, Netherlands, Den Burg
1, Netherlands, Dwingeloo
3, Netherlands, Enschede
2, Netherlands, Groningen
1, Netherlands, Leeuwarden
1, Netherlands, Nieuwegein
6, Netherlands, Noordwijk
1, Netherlands, Schoonhoven
3, Netherlands, The Hague
52, Netherlands, Utrecht
12, Netherlands, Wageningen
2, New Zealand, Alexandra
21, New Zealand, Auckland
1, New Zealand, Canterbury
7, New Zealand, Christchurch
8, New Zealand, Dunedin
4, New Zealand, Hamilton
18, New Zealand, Lower Hutt
1, New Zealand, New Plymouth
1, New Zealand, Otago
4, New Zealand, Palmerston North
21, New Zealand, Wellington
3, Niger, Niamey
1, Nigeria, Abuja
2, Nigeria, Garki
2, Nigeria, Ibadan
1, Nigeria, Ikeja
2, Nigeria, Ile Ife
9, Nigeria, Lagos
1, Nigeria, Uyo
1, Nigeria, Zaria
1, Norway, Andenes
47, Norway, Bergen
1, Norway, Hønefoss
2, Norway, Kjeller
3, Norway, Longyearbyen
24, Norway, Oslo
7, Norway, Tromsø
22, Norway, Trondheim
1, Norway, Tønsberg
1, Norway, Ås
3, Oman, Muscat
2, Pakistan, Islamabad
1, Pakistan, Karachi
1, Pakistan, Lahore
1, Pakistan, Punjab
2, Pakistan, Rawalpindi
1, Panama, Ancon
4, Panama, Balboa
3, Panama, Panama City
1, Paraguay, San Lorenzo
3, Peru, Arequipa
1, Peru, Cusco
1, Peru, La Molina
17, Peru, Lima
10, Philippines, Quezon City
2, Poland, Krakow
1, Poland, Lublin
1, Poland, Olsztyn
3, Poland, Poznań
1, Poland, Skrzatow 1
1, Poland, Sopot
22, Poland, Warsaw
3, Poland, Wroclaw
1, Portugal, Alges
1, Portugal, Aveiro
2, Portugal, Coimbra
2, Portugal, Covilha
2, Portugal, Faro
10, Portugal, Lisbon
1, Portugal, Queluz
1, Portugal, Porto
1, Portugal, Vila Real
2, Puerto Rico, San Juan
3, Qatar, Doha
3, Reunion, Saint-Denis
1, Romania, Bucharest
1, Romania, Iasi
1, Russia, Irkutsk
3, Russia, Krasnoyarsk
46, Russia, Moscow
2, Russia, Novosibirsk
2, Russia, Petropavlovsk-Kamchatskiy
1, Russia, Skolkovo
7, Russia, St Petersburg
5, Russia, Tomsk
1, Russia, Tyumen
1, Russia, Yekaterinburg
4, Saudi Arabia, Dhahran
2, Saudi Arabia, Jeddah
1, Saudi Arabia, Riyadh
13, Saudi Arabia, Thuwal
3, Senegal, Dakar
60, Singapore, Singapore
3, Slovenia, Ljubljana
6, South Africa, Cape Town
1, South Africa, Die Boord
2, South Africa, Durban
1, South Africa, Hermanus
4, South Africa, Johannesburg
1, South Africa, Mahikeng
1, South Africa, Potchefstroom
1, South Africa, Pretoria
1, South Africa, Wits
1, South Korea, Andong-Si
4, South Korea, Ansan
1, South Korea, Anseong
1, South Korea, Anyang
1, South Korea, Bukgu
73, South Korea, Busan
1, South Korea, Cheonan
2, South Korea, Cheongju
18, South Korea, Chuncheon
2, South Korea, Chungcheongbuk-do
15, South Korea, Daegu
59, South Korea, Daejeon
1, South Korea, Donghae
1, South Korea, Gangneung
4, South Korea, Gangwon-do
1, South Korea, Goesan-Gun
10, South Korea, Gongju
7, South Korea, Goyang
1, South Korea, Gwacheon
11, South Korea, Gwangju
8, South Korea, Gyeonggi-do
1, South Korea, Gyeongsan
22, South Korea, Incheon
4, South Korea, Jeju
2, South Korea, Jeollabuk-do
3, South Korea, Jeonju
1, South Korea, Jinju
1, South Korea, Kunsan
1, South Korea, Naju-si
5, South Korea, Pohang
6, South Korea, Sejong
1, South Korea, Seodaemun
3, South Korea, Seogwipo-si
234, South Korea, Seoul
1, South Korea, Suwon
2, South Korea, Taejon-City
13, South Korea, Ulsan
26, South Korea, Yongin
2, Spain, A Coruña
1, Spain, Alcalá de Henares
1, Spain, Alicante
1, Spain, Andalusia
37, Spain, Barcelona
1, Spain, Bilbao
1, Spain, Burgos
2, Spain, Burjassot
1, Spain, Castelló de la Plana
1, Spain, Esporles
9, Spain, Granada
2, Spain, Las Palmas de Gran Canaria
1, Spain, Leioa
1, Spain, Lleida
21, Spain, Madrid
1, Spain, Malaga
1, Spain, Ourense
4, Spain, Oviedo
1, Spain, Palencia
1, Spain, Palma de Mallorca
4, Spain, Salamanca
4, Spain, San Cristobal de La Laguna
2, Spain, San Fernando
2, Spain, Santa Cruz de Tenerife
2, Spain, Santander
2, Spain, Tarrasa
2, Spain, Torrejón de Ardoz
2, Spain, Tres Cantos
5, Spain, Valencia
11, Spain, Villanueva de la Canada
4, Spain, Zaragoza
1, Sri Lanka, Badulla
1, Sri Lanka, Matara
2, Sri Lanka, Peradeniya
2, Sweden, Falun
9, Sweden, Gothenburg
3, Sweden, Kiruna
1, Sweden, Lulea
15, Sweden, Lund
2, Sweden, Norrköping
24, Sweden, Stockholm
1, Sweden, Sundsvall
10, Sweden, Umeå
18, Sweden, Uppsala
1, Sweden, Villavägen
1, Sweden, Västerås
4, Switzerland, Basel
17, Switzerland, Bern
1, Switzerland, Birmensdorf
1, Switzerland, Bougy-Villars
5, Switzerland, Davos
8, Switzerland, Duebendorf
19, Switzerland, Geneva
1, Switzerland, Guemligen
1, Switzerland, Kastanienbaum
23, Switzerland, Lausanne
1, Switzerland, Lugano
1, Switzerland, Ottikon
1, Switzerland, Pfungen
1, Switzerland, Purasca
2, Switzerland, Vaud
6, Switzerland, Villigen
1, Switzerland, Wettingen
1, Switzerland, Winterthur
109, Switzerland, Zurich
1, Taiwan, Changhua
6, Taiwan, Chiayi
3, Taiwan, Chung Li
2, Taiwan, Douliou
9, Taiwan, Hsinchu
2, Taiwan, Hualien
17, Taiwan, Jhongli
5, Taiwan, Kaohsiung
3, Taiwan, Keelung
10, Taiwan, Taichung
17, Taiwan, Tainan
156, Taiwan, Taipei
34, Taiwan, Taoyuan
1, Tajikistan, Dushanbe
1, Tanzania, Morogoro
5, Thailand, Bangkok
2, Thailand, Chiang Mai
1, Thailand, Pathumthani
2, Thailand, Surathani
1, Tunisia, Medenine
6, Turkey, Ankara
1, Turkey, Artvin
1, Turkey, Bursa
12, Turkey, Istanbul
1, Turkey, Izmir
1, Turkey, Kocaeli
6, Turkey, Maslak
7, Uganda, Kampala
4, Ukraine, Kyiv
11, United Arab Emirates, Abu Dhabi
4, United Arab Emirates, Dubai
2, United Kingdom, Hatfield
11, United Kingdom, Aberdeen
1, United Kingdom, Ambleside
1, United Kingdom, Belfast
3, United Kingdom, Bath
24, United Kingdom, Birmingham
1, United Kingdom, Bramhall
2, United Kingdom, Brighton
49, United Kingdom, Bristol
64, United Kingdom, Cambridge
17, United Kingdom, Cardiff
1, United Kingdom, Conwy
3, United Kingdom, Coventry
1, United Kingdom, Croxley Green
1, United Kingdom, Derby
1, United Kingdom, Devon
7, United Kingdom, Didcot
3, United Kingdom, Dorking
28, United Kingdom, Durham
9, United Kingdom, Exeter
3, United Kingdom, East Kilbride
1, United Kingdom, East Yorkshire
23, United Kingdom, Edinburgh
11, United Kingdom, Egham
1, United Kingdom, Elstree
13, United Kingdom, Exeter
1, United Kingdom, Whitchurch Hill
10, United Kingdom, Glasgow
11, United Kingdom, Hull
1, United Kingdom, St Andrews
1, United Kingdom, Keyworth
19, United Kingdom, Lancaster
57, United Kingdom, Leeds
18, United Kingdom, Leicester
1, United Kingdom, Letchworth
2, United Kingdom, Lincoln
19, United Kingdom, Liverpool
117, United Kingdom, London
8, United Kingdom, Loughborough
3, United Kingdom, Cranfield
1, United Kingdom, Malvern
16, United Kingdom, Manchester
1, United Kingdom, Middlewich
4, United Kingdom, Milton Keynes
1, United Kingdom, Northampton
2, United Kingdom, Norwich
6, United Kingdom, Newcastle-Upon-Tyne
12, United Kingdom, Nottingham
55, United Kingdom, Oxford
1, United Kingdom, Penryn
1, United Kingdom, Pitlochry
4, United Kingdom, Plymouth
1, United Kingdom, Portishead
4, United Kingdom, Portsmouth
45, United Kingdom, Reading
1, United Kingdom, Swindon
1, United Kingdom, Salford
15, United Kingdom, Sheffield
42, United Kingdom, Southampton
5, United Kingdom, St Andrews
1, United Kingdom, Staffordshire
1, United Kingdom, Surbiton
2, United Kingdom, Surrey
2, United Kingdom, Swansea
1, United Kingdom, Teddington
1, United Kingdom, Thatcham
1, United Kingdom, Tranent
4, United Kingdom, Tyne and Wear
1, United Kingdom, Uxbridge
6, United Kingdom, Wallingford
9, United Kingdom, York
39, United States, AK, Anchorage
110, United States, AK, Fairbanks
1, United States, AK, Finland
3, United States, AK, Fort Wainwright
5, United States, AK, Juneau
1, United States, AK, Seldovia
1, United States, AK, Wasilla
34, United States, AL, Auburn
1, United States, AL, Dauphin Island
1, United States, AL, Florence
110, United States, AL, Huntsville
2, United States, AL, Madison
3, United States, AL, Mobile
1, United States, AL, Muscle Shoals
57, United States, AL, Tuscaloosa
1, United States, AR, Bentonville
16, United States, AR, Fayetteville
2, United States, AR, Hot Springs
3, United States, AR, Jonesboro
1, United States, AZ, Cave Creek
1, United States, AZ, Coolidge
60, United States, AZ, Flagstaff
1, United States, AZ, Fort Defiance
2, United States, AZ, Los Alamos
1, United States, AZ, Maricopa
2, United States, AZ, Phoenix
1, United States, AZ, Scottsdale
121, United States, AZ, Tempe
238, United States, AZ, Tucson
1, United States, CA, Akron
6, United States, CA, Alameda
2, United States, CA, Albany
1, United States, CA, Albuquerque
1, United States, CA, Aliso Viejo
1, United States, CA, Apple Valley
1, United States, CA, Arcadia
9, United States, CA, Arcata
6, United States, CA, Bakersfield
471, United States, CA, Berkeley
1, United States, CA, Big Bear City
1, United States, CA, Big Pine
1, United States, CA, Bodega Bay
1, United States, CA, Boulder
1, United States, CA, Brea
1, United States, CA, Burbank
1, United States, CA, Burlingame
1, United States, CA, Camarillo
1, United States, CA, Cambridge
1, United States, CA, Campbell
1, United States, CA, Carlsbad
4, United States, CA, Carson
13, United States, CA, Chico
2, United States, CA, Claremont
1, United States, CA, Concord
1, United States, CA, Corvallis
2, United States, CA, Costa Mesa
193, United States, CA, Davis
4, United States, CA, Diamond Bar
1, United States, CA, Durham
1, United States, CA, El Granada
1, United States, CA, El Portal
10, United States, CA, El Segundo
1, United States, CA, Eldridge
1, United States, CA, Elk Grove
2, United States, CA, Encinitas
1, United States, CA, Foothill Ranch
2, United States, CA, Fremont
10, United States, CA, Fresno
3, United States, CA, Fullerton
1, United States, CA, Glendale
1, United States, CA, Hanover
9, United States, CA, Hayward
8, United States, CA, Huntington Beach
130, United States, CA, Irvine
1, United States, CA, Kensington
120, United States, CA, La Jolla
80, United States, CA, Livermore
1, United States, CA, Loma Linda
7, United States, CA, Long Beach
1, United States, CA, Los Altos
1, United States, CA, Los Altos Hills
298, United States, CA, Los Angeles
4, United States, CA, Malibu
1, United States, CA, Mammoth Lakes
1, United States, CA, McClellan
116, United States, CA, Menlo Park
35, United States, CA, Merced
1, United States, CA, Modesto
75, United States, CA, Moffett Field
37, United States, CA, Monterey
12, United States, CA, Moss Landing
22, United States, CA, Mountain View
1, United States, CA, Nevada City
1, United States, CA, New York
1, United States, CA, Norman
14, United States, CA, Northridge
9, United States, CA, Oakland
16, United States, CA, Orange
1, United States, CA, Orinda
1, United States, CA, Pacific Palisades
1, United States, CA, Palisades
2, United States, CA, Palmdale
22, United States, CA, Palo Alto
518, United States, CA, Pasadena
6, United States, CA, Petaluma
1, United States, CA, Placerville
1, United States, CA, Pleasanton
9, United States, CA, Pomona
1, United States, CA, Redding
3, United States, CA, Redlands
1, United States, CA, Redmond
2, United States, CA, Redwood City
8, United States, CA, Reno
1, United States, CA, Richland
2, United States, CA, Richmond
68, United States, CA, Riverside
10, United States, CA, Rohnert Park
1, United States, CA, Roseville
1, United States, CA, Ross
60, United States, CA, Sacramento
3, United States, CA, San Bernardino
1, United States, CA, San Clemente
43, United States, CA, San Diego
64, United States, CA, San Francisco
35, United States, CA, San Jose
6, United States, CA, San Luis Obispo
5, United States, CA, San Marcos
4, United States, CA, San Mateo
2, United States, CA, San Rafael
93, United States, CA, Santa Barbara
5, United States, CA, Santa Clara
99, United States, CA, Santa Cruz
1, United States, CA, Santa Maria
6, United States, CA, Santa Monica
8, United States, CA, Santa Rosa
7, United States, CA, Seaside
1, United States, CA, Seattle
1, United States, CA, Solana Beach
1, United States, CA, Solvang
1, United States, CA, Somerset
264, United States, CA, Stanford
1, United States, CA, Stockton
1, United States, CA, Sunnyvale
1, United States, CA, Tahoe City
1, United States, CA, Truckee
1, United States, CA, Tucson
1, United States, CA, Turlock
7, United States, CA, Vallejo
5, United States, CA, Walnut Creek
1, United States, CA, Waterford
1, United States, CA, West Sacramento
2, United States, CA, Whittier
1, United States, CA, Woodland
1, United States, CA, Woodside
2, United States, CO, Arvada
1, United States, CO, Aurora
1, United States, CO, Bandon
752, United States, CO, Boulder
2, United States, CO, Broomfield
10, United States, CO, Colorado Springs
1, United States, CO, Crested Butte
66, United States, CO, Denver
1, United States, CO, Dillon
3, United States, CO, Durango
138, United States, CO, Fort Collins
92, United States, CO, Golden
1, United States, CO, Greeley
1, United States, CO, Greenbelt
1, United States, CO, Lafayette
11, United States, CO, Lakewood
4, United States, CO, Longmont
1, United States, CO, Lyons
1, United States, CO, Morrison
1, United States, CO, Superior
3, United States, CO, USAF Academy
1, United States, CO, Westminster
1, United States, CT, Boulder
1, United States, CT, Danbury
20, United States, CT, Groton
2, United States, CT, Hartford
4, United States, CT, Middletown
1, United States, CT, Mystic
45, United States, CT, New Haven
1, United States, CT, Simsbury
25, United States, CT, Storrs
1, United States, CT, Storrs Mansfield
1, United States, CT, Willimantic
320, United States, DC, Washington
4, United States, DE, Dover
3, United States, DE, Lewes
57, United States, DE, Newark
5, United States, FL, Boca Raton
2, United States, FL, Coral Gables
2, United States, FL, Davie
26, United States, FL, Daytona Beach
37, United States, FL, Ft Walton Beach
36, United States, FL, Gainesville
2, United States, FL, Jacksonville
14, United States, FL, Melbourne
59, United States, FL, Miami
1, United States, FL, Micanopy
1, United States, FL, Notre Dame
22, United States, FL, Orlando
1, United States, FL, Ormond Beach
2, United States, FL, Patrick AFB
11, United States, FL, Pensacola
1, United States, FL, Richland
18, United States, FL, St. Petersburg
1, United States, FL, Stuart
31, United States, FL, Tallahassee
33, United States, FL, Tampa
1, United States, FL, Venus
2, United States, FL, West Palm Beach
1, United States, GA, Acworth
32, United States, GA, Athens
81, United States, GA, Atlanta
1, United States, GA, Fort Valley
1, United States, GA, Kennesaw
2, United States, GA, Norcross
1, United States, GA, Oakwood
1, United States, GA, Savannah
5, United States, GA, Statesboro
1, United States, HI, Ewa Beach
2, United States, HI, Hawaii Volcanoes National Park
1, United States, HI, Hilo
83, United States, HI, Honolulu
1, United States, HI, Kaneohe
1, United States, HI, Kapolei
1, United States, HI, Mauna Kea
1, United States, HI, Wahiawa
25, United States, IA, Ames
5, United States, IA, Cedar Falls
1, United States, IA, Cedar Rapids
1, United States, IA, Davenport
1, United States, IA, Decorah
1, United States, IA, Grinnell
64, United States, IA, Iowa City
56, United States, ID, Boise
3, United States, ID, Idaho Falls
1, United States, ID, Kimberly
1, United States, ID, Lewisburg
1, United States, ID, Lewiston
40, United States, ID, Moscow
6, United States, ID, Pocatello
13, United States, IL, Argonne
1, United States, IL, Bloomington
3, United States, IL, Carbondale
7, United States, IL, Champaign
1, United States, IL, Charleston
61, United States, IL, Chicago
8, United States, IL, DeKalb
2, United States, IL, Elsah
29, United States, IL, Evanston
1, United States, IL, Fairfield
1, United States, IL, Glencoe
1, United States, IL, Harvard
1, United States, IL, Hinsdale
2, United States, IL, Lemont
1, United States, IL, Lisle
1, United States, IL, Monmouth
3, United States, IL, Normal
2, United States, IL, Peoria
1, United States, IL, Rosemont
129, United States, IL, Urbana
2, United States, IL, Wheaton
50, United States, IN, Bloomington
1, United States, IN, Champaign
1, United States, IN, Evansville
2, United States, IN, Fort Wayne
1, United States, IN, Gary
16, United States, IN, Indianapolis
2, United States, IN, Lafayette
5, United States, IN, Muncie
30, United States, IN, Notre Dame
1, United States, IN, South Bend
2, United States, IN, Terre Haute
1, United States, IN, Urbana
72, United States, IN, West Lafayette
54, United States, KS, Lawrence
27, United States, KS, Manhattan
1, United States, KS, Oakley
1, United States, KS, Overland Park
1, United States, KS, Wichita
1, United States, KY, Berea
2, United States, KY, Bowling Green
2, United States, KY, Highland Heights
15, United States, KY, Lexington
3, United States, KY, Louisville
1, United States, KY, Morehead
1, United States, KY, Nancy
61, United States, LA, Baton Rouge
1, United States, LA, Chauvin
11, United States, LA, Lafayette
1, United States, LA, Monroe
18, United States, LA, New Orleans
1, United States, MA, Allston
58, United States, MA, Amherst
1, United States, MA, Ann Arbor
1, United States, MA, Auburn
1, United States, MA, Belchertown
1, United States, MA, Belmont
10, United States, MA, Billerica
101, United States, MA, Boston
3, United States, MA, Bridgewater
1, United States, MA, Brookline
244, United States, MA, Cambridge
16, United States, MA, Chestnut Hill
1, United States, MA, Dudley
2, United States, MA, East Wareham
15, United States, MA, Falmouth
1, United States, MA, Gloucester
1, United States, MA, Greenbelt
1, United States, MA, Hadley
11, United States, MA, Lexington
4, United States, MA, Lowell
7, United States, MA, Medford
1, United States, MA, North Chelmsford
1, United States, MA, Natick
1, United States, MA, Needham
1, United States, MA, Newton
3, United States, MA, Northampton
1, United States, MA, Northborough
3, United States, MA, Norton
2, United States, MA, Norwood
1, United States, MA, Pasadena
1, United States, MA, Sagamore Beach
1, United States, MA, Salem
3, United States, MA, South Hadley
1, United States, MA, Springfield
1, United States, MA, Wakefield
2, United States, MA, Waltham
1, United States, MA, Washington
5, United States, MA, Wellesley
8, United States, MA, Westford
9, United States, MA, Williamstown
57, United States, MA, Woods Hole
10, United States, MA, Worcester
5, United States, MD, Annapolis
80, United States, MD, Baltimore
13, United States, MD, Beltsville
3, United States, MD, Bethesda
1, United States, MD, Bowie
1, United States, MD, Brentwood
2, United States, MD, Cambridge
2, United States, MD, Camp Springs
1, United States, MD, Catonsville
2, United States, MD, Chevy Chase
243, United States, MD, College Park
14, United States, MD, Columbia
1, United States, MD, Crofton
5, United States, MD, Edgewater
1, United States, MD, Ellicott City
6, United States, MD, Frostburg
8, United States, MD, Gaithersburg
2, United States, MD, Germantown
340, United States, MD, Greenbelt
1, United States, MD, Hyattsville
32, United States, MD, Lanham
78, United States, MD, Laurel
1, United States, MD, Marriottsville
3, United States, MD, Rockville
2, United States, MD, Salisbury
37, United States, MD, Silver Spring
2, United States, MD, Solomons
4, United States, MD, Towson
1, United States, MD, Washington
1, United States, MD, Crofton
1, United States, ME, Augusta
4, United States, ME, Brunswick
3, United States, ME, East Boothbay
1, United States, ME, Fort Kent
1, United States, ME, Lincoln
1, United States, ME, Old Town
22, United States, ME, Orono
1, United States, ME, Portland
3, United States, ME, Waterville
1, United States, MI, Albion
1, United States, MI, Allendale
182, United States, MI, Ann Arbor
2, United States, MI, Berrien Springs
1, United States, MI, Boulder
1, United States, MI, College Park
2, United States, MI, Dearborn
13, United States, MI, Detroit
51, United States, MI, East Lansing
2, United States, MI, Hickory Corners
1, United States, MI, Holland
30, United States, MI, Houghton
20, United States, MI, Kalamazoo
1, United States, MI, Midland
5, United States, MI, Mount Pleasant
2, United States, MI, Okemos
1, United States, MI, Rochester
1, United States, MI, Sault Saint Marie
1, United States, MI, Stockbridge
1, United States, MI, Three Rivers
1, United States, MI, Ypsilanti
1, United States, MN, Aitkin
1, United States, MN, Bemidji
18, United States, MN, Duluth
106, United States, MN, Minneapolis
14, United States, MN, Northfield
1, United States, MN, Saint Peter
2, United States, MN, St. Cloud
25, United States, MN, St. Paul
1, United States, MN, Twin Cities
1, United States, MN, Winona
18, United States, MO, Columbia
10, United States, MO, Kansas City
1, United States, MO, Lemont
1, United States, MO, Maryville
25, United States, MO, Rolla
1, United States, MO, Saint Charles
2, United States, MO, Springfield
35, United States, MO, St. Louis
1, United States, MS, College Park
3, United States, MS, Jackson
1, United States, MS, Long Beach
6, United States, MS, Mississippi State
5, United States, MS, Oxford
1, United States, MS, Starkville
20, United States, MS, Stennis Space Center
5, United States, MS, Vicksburg
1, United States, MT, Arlee
40, United States, MT, Bozeman
10, United States, MT, Butte
1, United States, MT, Dillon
1, United States, MT, Ennis
1, United States, MT, Helena
1, United States, MT, Menlo Park
32, United States, MT, Missoula
11, United States, NC, Asheville
1, United States, NC, Beaufort
7, United States, NC, Boone
44, United States, NC, Chapel Hill
5, United States, NC, Charlotte
1, United States, NC, Clemmons
3, United States, NC, Cullowhee
1, United States, NC, Davidson
1, United States, NC, Denver
46, United States, NC, Durham
1, United States, NC, Elizabeth City
1, United States, NC, Fort Bragg
9, United States, NC, Greensboro
2, United States, NC, Greenville
1, United States, NC, High point
1, United States, NC, Merced
2, United States, NC, Morrisville
1, United States, NC, Otto
50, United States, NC, Raleigh
13, United States, NC, Research Triangle Park
1, United States, NC, Swannanoa
1, United States, NC, Wanchese
9, United States, NC, Wilmington
1, United States, ND, Bismarck
6, United States, ND, Fargo
18, United States, ND, Grand Forks
1, United States, ND, Jamestown
1, United States, ND, Mandan
2, United States, NE, Bellevue
33, United States, NE, Lincoln
5, United States, NE, Omaha
1, United States, NH, Alexandria
93, United States, NH, Durham
66, United States, NH, Hanover
1, United States, NH, Morgantown
2, United States, NH, Nashua
1, United States, NH, Pembroke
1, United States, NH, Plymouth
1, United States, NH, West Thornton
9, United States, NJ, Edison
1, United States, NJ, Galloway
4, United States, NJ, Glassboro
1, United States, NJ, Hanover
1, United States, NJ, Highlands
1, United States, NJ, Hoboken
1, United States, NJ, Lyndhurst
8, United States, NJ, Montclair
32, United States, NJ, New Brunswick
1, United States, NJ, New Lisbon
17, United States, NJ, Newark
12, United States, NJ, Piscataway
142, United States, NJ, Princeton
1, United States, NJ, Seattle
1, United States, NJ, South River
1, United States, NJ, Teaneck
1, United States, NJ, Wayne
2, United States, NJ, West Long Branch
1, United States, NM, Alamos
94, United States, NM, Albuquerque
1, United States, NM, Boulder
1, United States, NM, Clovis
1, United States, NM, Crownpoint
3, United States, NM, Gallup
8, United States, NM, Kirtland AFB
20, United States, NM, Las Cruces
119, United States, NM, Los Alamos
47, United States, NM, Socorro
1, United States, NM, White Sands Missile
1, United States, NM, Zuni
2, United States, NV, Boulder City
1, United States, NV, Carson City
18, United States, NV, Las Vegas
83, United States, NV, Reno
1, United States, NV, Winnemucca
36, United States, NY, Albany
1, United States, NY, Armonk
1, United States, NY, Bayside
12, United States, NY, Binghamton
1, United States, NY, Boulder
1, United States, NY, Brockport
7, United States, NY, Bronx
5, United States, NY, Brooklyn
33, United States, NY, Buffalo
1, United States, NY, Chester
1, United States, NY, Clifton Park
4, United States, NY, Clinton
11, United States, NY, Flushing
1, United States, NY, Fredonia
2, United States, NY, Geneva
1, United States, NY, Greenbelt
4, United States, NY, Hamilton
1, United States, NY, Holbrook
80, United States, NY, Ithaca
2, United States, NY, Jamaica
1, United States, NY, Kinderhook
1, United States, NY, Loudonville
1, United States, NY, Milbrook
4, United States, NY, New Paltz
152, United States, NY, New York
1, United States, NY, Oneonta
2, United States, NY, Oswego
158, United States, NY, Palisades
1, United States, NY, Port Washington
3, United States, NY, Potsdam
4, United States, NY, Poughkeepsie
26, United States, NY, Rochester
1, United States, NY, Saratoga Springs
1, United States, NY, Schenectady
1, United States, NY, Staten Island
25, United States, NY, Stony Brook
1, United States, NY, Suffern
2, United States, NY, Syosset
37, United States, NY, Syracuse
13, United States, NY, Troy
1, United States, NY, Tupper Lake
21, United States, NY, Upton
1, United States, NY, Washington
1, United States, NY, West Point
1, United States, NY, Yonkers
3, United States, NY, Yorktown Heights
1, United States, OH, Ada
4, United States, OH, Akron
3, United States, OH, Athens
6, United States, OH, Bellbrook
1, United States, OH, Berkeley
5, United States, OH, Bowling Green
15, United States, OH, Cincinnati
6, United States, OH, Cleveland
76, United States, OH, Columbus
10, United States, OH, Dayton
2, United States, OH, Delaware
11, United States, OH, Kent
1, United States, OH, Middletown
12, United States, OH, Oxford
1, United States, OH, Ravenna
1, United States, OH, Tiffin
3, United States, OH, Toledo
4, United States, OH, Wooster
1, United States, OH, Worthington
5, United States, OH, Wright-Patterson AFB
1, United States, OK, Bartlesville
2, United States, OK, El Reno
88, United States, OK, Norman
2, United States, OK, Oklahoma City
1, United States, OK, Okmulgee
19, United States, OK, Stillwater
4, United States, OK, Tulsa
4, United States, OR, Albany
1, United States, OR, Beaverton
145, United States, OR, Corvallis
61, United States, OR, Eugene
1, United States, OR, Milton-Freewater
1, United States, OR, Newberg
6, United States, OR, Newport
34, United States, OR, Portland
1, United States, OR, Reno
8, United States, OR, Salem
1, United States, OR, Washington
1, United States, PA, Audubon
13, United States, PA, Bethlehem
4, United States, PA, Carlisle
1, United States, PA, Collegeville
1, United States, PA, Davis
3, United States, PA, Easton
1, United States, PA, Erie
3, United States, PA, Harrisburg
1, United States, PA, Huntingdon
8, United States, PA, Indiana
3, United States, PA, Kutztown
3, United States, PA, Lancaster
2, United States, PA, Lewisburg
5, United States, PA, Millersville
1, United States, PA, Monroeville
1, United States, PA, Newtown Square
1, United States, PA, Pasadena
45, United States, PA, Philadelphia
39, United States, PA, Pittsburgh
1, United States, PA, Scranton
1, United States, PA, Secane
1, United States, PA, Selinsgrove
1, United States, PA, Slippery Rock
8, United States, PA, State College
120, United States, PA, University Park
10, United States, PA, Villanova
4, United States, PA, West Chester
3, United States, PA, Wilkes Barre
2, United States, PR, Arecibo
1, United States, PR, Baymon
8, United States, PR, Mayaguez
1, United States, PR, Orlando
2, United States, PR, Rio Piedras
9, United States, PR, San Juan
1, United States, PR, Utuado
2, United States, RI, Kingston
29, United States, RI, Narragansett
1, United States, RI, North Kingstown
70, United States, RI, Providence
1, United States, RI, South Kingstown
5, United States, SC, Aiken
10, United States, SC, Charleston
20, United States, SC, Clemson
23, United States, SC, Columbia
7, United States, SC, Conway
3, United States, SC, Cordesville
1, United States, SC, Florence
1, United States, SC, Georgetown
1, United States, SC, Rock Hill
1, United States, SC, Spartanburg
1, United States, SC, Wadmalaw Island
11, United States, SD, Brookings
10, United States, SD, Rapid City
19, United States, SD, Sioux Falls
1, United States, SD, Vermillion
1, United States, TN, Chattanooga
1, United States, TN, Cookeville
1, United States, TN, Humboldt
31, United States, TN, Knoxville
1, United States, TN, Martin
12, United States, TN, Memphis
6, United States, TN, Murfreesboro
31, United States, TN, Nashville
70, United States, TN, Oak Ridge
1, United States, TN, Powell
1, United States, TN, Sewanee
33, United States, TX, Arlington
214, United States, TX, Austin
2, United States, TX, Beaumont
1, United States, TX, Big Spring
1, United States, TX, Canyon
115, United States, TX, College Station
24, United States, TX, Corpus Christi
1, United States, TX, Cypress
22, United States, TX, Dallas
2, United States, TX, Denton
2, United States, TX, Edinburg
35, United States, TX, El Paso
1, United States, TX, Fort Worth
5, United States, TX, Galveston
167, United States, TX, Houston
1, United States, TX, Kingwood
18, United States, TX, Lubbock
1, United States, TX, McKinney
1, United States, TX, Midland
1, United States, TX, Norman
4, United States, TX, Prairie View
28, United States, TX, Richardson
53, United States, TX, San Antonio
3, United States, TX, San Marcos
4, United States, TX, Spring
1, United States, TX, Stephenville
1, United States, TX, Sugar Land
1, United States, TX, Tucson
19, United States, TX, Waco
1, United States, TX, Wimberley
45, United States, UT, Logan
2, United States, UT, Moab
1, United States, UT, North Logan
2, United States, UT, Ogden
4, United States, UT, Orem
7, United States, UT, Provo
99, United States, UT, Salt Lake City
13, United States, VA, Alexandria
14, United States, VA, Arlington
1, United States, VA, Ashland
80, United States, VA, Blacksburg
3, United States, VA, Chantilly
43, United States, VA, Charlottesville
2, United States, VA, Chesapeake
1, United States, VA, Davis
1, United States, VA, Dulles
46, United States, VA, Fairfax
1, United States, VA, Falls Church
1, United States, VA, Front Royal
3, United States, VA, Gloucester Point
95, United States, VA, Hampton
3, United States, VA, Harrisonburg
1, United States, VA, Hendon
2, United States, VA, Lexington
3, United States, VA, Lynchburg
2, United States, VA, Manassas
3, United States, VA, Newport News
12, United States, VA, Norfolk
1, United States, VA, Radford
33, United States, VA, Reston
7, United States, VA, Richmond
1, United States, VA, Roanoke
2, United States, VA, Springfield
2, United States, VA, Sterling
1, United States, VA, Virginia
1, United States, VA, Wallops Island
4, United States, VA, Williamsburg
1, United States, VA, Woodbridge
1, United States, VA, Yorktown
18, United States, VT, Burlington
1, United States, VT, Grand Isle
3, United States, VT, Middlebury
1, United States, VT, Montpelier
1, United States, VT, Northfield
1, United States, VT, Westford
1, United States, WA, Bellevue
18, United States, WA, Bellingham
1, United States, WA, Bothell
2, United States, WA, Camp Murray
14, United States, WA, Ellensburg
1, United States, WA, Kennewick
1, United States, WA, La Conner
1, United States, WA, LaConner
3, United States, WA, Olympia
2, United States, WA, Port Angeles
1, United States, WA, Poulsbo
32, United States, WA, Pullman
1, United States, WA, Puyallup
4, United States, WA, Redmond
1, United States, WA, Renton
140, United States, WA, Richland
226, United States, WA, Seattle
1, United States, WA, Sequim
2, United States, WA, Spokane
9, United States, WA, Tacoma
1, United States, WA, Toppenish
24, United States, WA, Vancouver
1, United States, WA, Vashon
4, United States, WA, Walla Walla
2, United States, WA, Winthrop
3, United States, WI, Appleton
2, United States, WI, Eau Claire
1, United States, WI, LaCrosse
139, United States, WI, Madison
1, United States, WI, Middleton
8, United States, WI, Milwaukee
1, United States, WI, South Range
2, United States, WI, Stevens Point
1, United States, WI, Waukesha
3, United States, WV, Athens
1, United States, WV, Leetown
16, United States, WV, Morgantown
1, United States, WY, Jackson
54, United States, WY, Laramie
1, United States, WY, Mammoth Hot Springs
1, United States, WY, Mills
1, United States, WY, Yellowstone National Park
2, Uruguay, Montevideo
1, Uzbekistan, Tashkent
